Name,Original Price,Offered Price,Discount Percentage
NOBELITE,"₹2,499",₹414,83% off
aadi,"₹1,999",₹312,84% off
Onmac enterprises,"₹1,600",₹413,74% off
BTOM,"₹1,999",₹470,76% off
HOTSTYLE,"₹2,249",₹409,81% off
BRUTON,"₹2,499",₹441,82% off
BTOM,"₹1,999",₹470,76% off
TRYME,"₹2,149",₹636,70% off
Rambo,"₹4,900",₹599,87% off
URBANBOX,₹999,₹278,72% off
HOTSTYLE,"₹2,249",₹409,81% off
NOBELITE,"₹2,499",₹414,83% off
CAMPUS,"₹1,999","₹1,007",49% off
CAMPUS,"₹1,699",₹915,46% off
Rambo,"₹4,900",₹599,87% off
SPRENGE,"₹2,499",₹499,80% off
NOBELITE,"₹2,499",₹412,83% off
BRUTON,"₹2,499",₹414,83% off
CAMPUS,"₹1,499",₹824,45% off
Rambo,"₹4,900",₹599,87% off
lejano,"₹1,599",₹471,70% off
HOTSTYLE,"₹2,249",₹409,81% off
URBANBOX,"₹1,999",₹409,79% off
lejano,"₹1,499",₹462,69% off
asian,₹999,₹700,29% off
action,"₹1,899",₹559,70% off
BRUTON,"₹2,999",₹438,85% off
BOLTAGO,"₹1,499",₹409,72% off
asian,₹999,₹707,29% off
BTOM,"₹1,999",₹470,76% off
BRUTON,"₹2,499",₹444,82% off
Abros,"₹2,599","₹1,369",47% off
action,"₹2,799",₹779,72% off
asian,₹999,₹732,26% off
CAMPUS,"₹1,699",₹909,46% off
OFF LIMITS,"₹8,299","₹2,299",72% off
URBANBOX,₹999,₹326,67% off
T-ROCK,₹999,₹417,58% off
Fabbmate,₹999,₹380,61% off
CAMPUS,"₹1,999","₹1,039",48% off
